s,level,marginal,lower,upper,scale
S0,172.96461968945832,,-inf,inf,1.0
S1,152.35825098318483,,-inf,inf,1.0
S2,195.444273245544,,-inf,inf,1.0
S3,166.43641955525288,,-inf,inf,1.0
S4,131.11129822808294,,-inf,inf,1.0
S5,143.508519312681,,-inf,inf,1.0
S6,186.89406401501114,,-inf,inf,1.0
S7,159.71243383488718,,-inf,inf,1.0
S8,207.86516493473698,,-inf,inf,1.0
S9,179.63896718429345,,-inf,inf,1.0
